Workbook

Sheet DATA FULL
A1: Country | B1: Year | C1: Total trade with China (current US$) IMF | D1: Distance (km) | E1: Total GDP (current US$) WB | F1: CHINA's Total GDP (current US$) WB | G1: Consumer price index (2010 = 100) IMF | H1: CHINA's Consumer price index (2010 = 100) IMF/Unstats | I1: Local currency IMF (vs RMB) | J1: Simple average duty (%) WTO | K1: Conflict with China (Frequency)
A2: Brunei Darussalam | B2: 2005 | C2: 287658979 | D2: 3900 | E2: 1.0547203e+10 | F2: 2.2859611e+12 | G2: 95.67318 | H2: 86.509318 | I2: 0.20311608 | J2: 3.3 | K2: 0
A3: Brunei Darussalam | B3: 2006 | C3: 308255043 | D3: 3900 | E3: 1.2644616e+10 | F3: 2.7521187e+12 | G3: 95.81978 | H3: 87.936231 | I3: 0.19927831 | J3: 3.3 | K3: 0
A4: Brunei Darussalam | B4: 2007 | C4: 359853890 | D4: 3900 | E4: 1.3432029e+10 | F4: 3.5503278e+12 | G4: 96.74551 | H4: 92.171913 | I4: 0.1981065 | J4: 3.6 | K4: 0
A5: Brunei Darussalam | B5: 2008 | C5: 217672566 | D5: 3900 | E5: 1.5926456e+10 | F5: 4.5943368e+12 | G5: 98.76353 | H5: 97.633334 | I5: 0.20394834 | J5: 2.5 | K5: 0
A6: Brunei Darussalam | B6: 2009 | C6: 429781947 | D6: 3900 | E6: 1.1912905e+10 | F6: 5.1016911e+12 | G6: 99.78489 | H6: 96.922396 | I6: 0.21292354 | J6: 2.5 | K6: 0
A7: Brunei Darussalam | B7: 2010 | C7: 784392930 | D7: 3900 | E7: 1.3707121e+10 | F7: 6.0871917e+12 | G7: 100.0116 | H7: 100 | I7: 0.20139665 | J7: 2.5 | K7: 0
A8: Brunei Darussalam | B8: 2011 | C8: 858617947 | D8: 3900 | E8: 1.8524791e+10 | F8: 7.5515457e+12 | G8: 100.1495 | H8: 105.4 | I8: 0.19467934 | J8: 2.5 | K8: 0
A9: Brunei Darussalam | B9: 2012 | C9: 755005296 | D9: 3900 | E9: 1.9048443e+10 | F9: 8.5321854e+12 | G9: 100.2614 | H9: 108.2 | I9: 0.19795645 | J9: 2.5 | K9: 0
A10: Brunei Darussalam | B10: 2013 | C10: 564338882 | D10: 3900 | E10: 1.8094148e+10 | F10: 9.5704711e+12 | G10: 100.6457 | H10: 111 | I10: 0.20193907 | J10: 2.5 | K10: 0
A11: Brunei Darussalam | B11: 2014 | C11: 449994039 | D11: 3900 | E11: 1.7097797e+10 | F11: 1.0475625e+13 | G11: 100.4432 | H11: 113.2 | I11: 0.20624297 | J11: 1.2 | K11: 0
A12: Brunei Darussalam | B12: 2015 | C12: 471887123 | D12: 3900 | E12: 1.2930297e+10 | F12: 1.1061573e+13 | G12: 99.97802 | H12: 114.9 | I12: 0.22078095 | J12: 1.2 | K12: 0
A13: Brunei Darussalam | B13: 2016 | C13: 573891100 | D13: 3900 | E13: 1.1400266e+10 | F13: 1.1233314e+13 | G13: 99.69939 | H13: 102 | I13: 0.20789397 | J13: 1.2 | K13: 0
... A201: Vietnam | B201: 2024 | C201: 261218622360 | D201: 2327.42 | E201: 4.7638823e+11 | F201: 1.8743803e+13 | G201: 189.70267 | H201: 132.51 | I201: 3606.0183 | J201: 9.7166667 | K201: 0
A203: Mean | C203: =AVERAGE(C2:C201) -> 4.7043902e+10 | D203: =AVERAGE(D2:D201) -> 3551.021 | E203: =AVERAGE(E2:E201) -> 2.5494416e+11 | F203: =AVERAGE(F2:F201) -> 1.0538362e+13 | G203: =AVERAGE(G2:G201) -> 118.16585 | H203: =AVERAGE(H2:H201) -> 106.89016 | I203: =AVERAGE(I2:I201) -> 704.15079 | J203: =AVERAGE(J2:J201) -> 7.0463976 | K203: =AVERAGE(K2:K201) -> 0.18
A204: Std. Dev. | C204: =_xlfn.STDEV.S(C2:C201) -> 5.4949976e+10 | D204: =_xlfn.STDEV.S(D2:D201) -> 864.74886 | E204: =_xlfn.STDEV.S(E2:E201) -> 2.8363944e+11 | F204: =_xlfn.STDEV.S(F2:F201) -> 5.2943457e+12 | G204: =_xlfn.STDEV.S(G2:G201) -> 30.312027 | H204: =_xlfn.STDEV.S(H2:H201) -> 11.869215 | I204: =_xlfn.STDEV.S(I2:I201) -> 1040.2496 | J204: =_xlfn.STDEV.S(J2:J201) -> 3.925713 | K204: =_xlfn.STDEV.S(K2:K201) -> 0.49884288
A205: Median | C205: =MEDIAN(C2:C201) -> 23811925281 | D205: =MEDIAN(D2:D201) -> 3323.395 | E205: =MEDIAN(E2:E201) -> 1.938838e+11 | F205: =MEDIAN(F2:F201) -> 1.0768599e+13 | G205: =MEDIAN(G2:G201) -> 112.64767 | H205: =MEDIAN(H2:H201) -> 107 | I205: =MEDIAN(I2:I201) -> 7.3821585 | J205: =MEDIAN(J2:J201) -> 6.9 | K205: =MEDIAN(K2:K201) -> 0
A206: Min | C206: =MIN(C2:C201) -> 135754273 | D206: =MIN(D2:D201) -> 2327.42 | E206: =MIN(E2:E201) -> 2.7355587e+09 | F206: =MIN(F2:F201) -> 2.2859611e+12 | G206: =MIN(G2:G201) -> 44.531097 | H206: =MIN(H2:H201) -> 86.509318 | I206: =MIN(I2:I201) -> 0.19465811 | J206: =MIN(J2:J201) -> 0 | K206: =MIN(K2:K201) -> 0
A207: Max | C207: =MAX(C2:C201) -> 261218622360 | D207: =MAX(D2:D201) -> 5219 | E207: =MAX(E2:E201) -> 1.3963001e+12 | F207: =MAX(F2:F201) -> 1.8743803e+13 | G207: =MAX(G2:G201) -> 294.37015 | H207: =MAX(H2:H201) -> 132.51 | I207: =MAX(I2:I201) -> 3606.0183 | J207: =MAX(J2:J201) -> 16.8 | K207: =MAX(K2:K201) -> 3

Sheet EXC rate
A1: Year | B1: BRN | C1: CAM | D1: IND | E1: LAO | F1: MMR | G1: MYS | H1: PHL | I1: SGP | J1: THA | K1: VN
A2: 2005 | B2: ='DATA FULL'!I2 -> 0.20311608 | C2: ='DATA FULL'!I22 -> 499.43152 | D2: ='DATA FULL'!I42 -> 1184.3259 | E2: ='DATA FULL'!I62 -> 1300.3118 | F2: ='DATA FULL'!I82 -> 0.46216077 | G2: ='DATA FULL'!I102 -> 0.71002463 | H2: ='DATA FULL'!I122 -> 6.7224021 | I2: ='DATA FULL'!I142 -> 0.20311608 | J2: ='DATA FULL'!I162 -> 4.9082958 | K2: ='DATA FULL'!I182 -> 1935.3556
A3: 2006 | B3: ='DATA FULL'!I3 -> 0.19927831 | C3: ='DATA FULL'!I23 -> 514.61488 | D3: ='DATA FULL'!I43 -> 1148.7286 | E3: ='DATA FULL'!I63 -> 1273.4311 | F3: ='DATA FULL'!I83 -> 0.46004958 | G3: ='DATA FULL'!I103 -> 0.73280076 | H3: ='DATA FULL'!I123 -> 6.4356518 | I3: ='DATA FULL'!I143 -> 0.19927831 | J3: ='DATA FULL'!I163 -> 4.7510223 | K3: ='DATA FULL'!I183 -> 2005.9414
A4: 2007 | B4: ='DATA FULL'!I4 -> 0.1981065 | C4: ='DATA FULL'!I24 -> 533.1777 | D4: ='DATA FULL'!I44 -> 1201.5723 | E4: ='DATA FULL'!I64 -> 1262.2659 | F4: ='DATA FULL'!I84 -> 0.45186391 | G4: ='DATA FULL'!I104 -> 0.73833182 | H4: ='DATA FULL'!I124 -> 6.0661445 | I4: ='DATA FULL'!I144 -> 0.1981065 | J4: ='DATA FULL'!I164 -> 4.5373688 | K4: ='DATA FULL'!I184 -> 2116.9972
A5: 2008 | B5: ='DATA FULL'!I5 -> 0.20394834 | C5: ='DATA FULL'!I25 -> 583.44624 | D5: ='DATA FULL'!I45 -> 1395.8043 | E5: ='DATA FULL'!I65 -> 1257.8235 | F5: ='DATA FULL'!I85 -> 0.48006892 | G5: ='DATA FULL'!I105 -> 0.78309399 | H5: ='DATA FULL'!I125 -> 6.3786859 | I5: ='DATA FULL'!I145 -> 0.2036165 | J5: ='DATA FULL'!I165 -> 4.7942085 | K5: ='DATA FULL'!I185 -> 2346.1015
A6: 2009 | B6: ='DATA FULL'!I6 -> 0.21292354 | C6: ='DATA FULL'!I26 -> 605.92611 | D6: ='DATA FULL'!I46 -> 1520.9054 | E6: ='DATA FULL'!I66 -> 1245.9132 | F6: ='DATA FULL'!I86 -> 0.51592567 | G6: ='DATA FULL'!I106 -> 0.81628269 | H6: ='DATA FULL'!I126 -> 6.9794737 | I6: ='DATA FULL'!I146 -> 0.21291555 | J6: ='DATA FULL'!I166 -> 5.0188385 | K6: ='DATA FULL'!I186 -> 2498.0302
A7: 2010 | B7: ='DATA FULL'!I7 -> 0.20139665 | C7: ='DATA FULL'!I27 -> 618.13152 | D7: ='DATA FULL'!I47 -> 1342.699 | E7: ='DATA FULL'!I67 -> 1219.7566 | F7: ='DATA FULL'!I87 -> 0.47576941 | G7: ='DATA FULL'!I107 -> 0.83229829 | H7: ='DATA FULL'!I127 -> 6.6629057 | I7: ='DATA FULL'!I147 -> 0.20139648 | J7: ='DATA FULL'!I167 -> 4.680125 | K7: ='DATA FULL'!I187 -> 2749.2137
A8: 2011 | B8: ='DATA FULL'!I8 -> 0.19467934 | C8: ='DATA FULL'!I28 -> 628.10869 | D8: ='DATA FULL'!I48 -> 1357.3452 | E8: ='DATA FULL'!I68 -> 1242.7614 | F8: ='DATA FULL'!I88 -> 0.47357755 | G8: ='DATA FULL'!I108 -> 0.84255063 | H8: ='DATA FULL'!I128 -> 6.7033036 | I8: ='DATA FULL'!I148 -> 0.19465811 | J8: ='DATA FULL'!I168 -> 4.7190151 | K8: ='DATA FULL'!I188 -> 3174.1659
A9: 2012 | B9: ='DATA FULL'!I9 -> 0.19795645 | C9: ='DATA FULL'!I29 -> 638.90801 | D9: ='DATA FULL'!I49 -> 1487.0301 | E9: ='DATA FULL'!I69 -> 1268.5892 | F9: ='DATA FULL'!I89 -> 0.48932795 | G9: ='DATA FULL'!I109 -> 101.49234 | H9: ='DATA FULL'!I129 -> 6.6898872 | I9: ='DATA FULL'!I149 -> 0.19797375 | J9: ='DATA FULL'!I169 -> 4.9241845 | K9: ='DATA FULL'!I189 -> 3299.5725
A10: 2013 | B10: ='DATA FULL'!I10 -> 0.20193907 | C10: ='DATA FULL'!I30 -> 650.00114 | D10: ='DATA FULL'!I50 -> 1688.4519 | E10: ='DATA FULL'!I70 -> 1268.632 | F10: ='DATA FULL'!I90 -> 0.50855898 | G10: ='DATA FULL'!I110 -> 150.67897 | H10: ='DATA FULL'!I130 -> 6.8508458 | I10: ='DATA FULL'!I150 -> 0.20196075 | J10: ='DATA FULL'!I170 -> 4.9591938 | K10: ='DATA FULL'!I190 -> 3378.669
A11: 2014 | B11: ='DATA FULL'!I11 -> 0.20624297 | C11: ='DATA FULL'!I31 -> 657.20572 | D11: ='DATA FULL'!I51 -> 1931.3646 | E11: ='DATA FULL'!I71 -> 1310.1728 | F11: ='DATA FULL'!I91 -> 0.53274109 | G11: ='DATA FULL'!I111 -> 160.22728 | H11: ='DATA FULL'!I131 -> 7.2264394 | I11: ='DATA FULL'!I151 -> 0.20624458 | J11: ='DATA FULL'!I171 -> 5.2869182 | K11: ='DATA FULL'!I191 -> 3442.3744
A12: 2015 | B12: ='DATA FULL'!I12 -> 0.22078095 | C12: ='DATA FULL'!I32 -> 653.19268 | D12: ='DATA FULL'!I52 -> 2150.0501 | E12: ='DATA FULL'!I72 -> 1308.3778 | F12: ='DATA FULL'!I92 -> 0.62713888 | G12: ='DATA FULL'!I112 -> 186.69088 | H12: ='DATA FULL'!I132 -> 7.306772 | I12: ='DATA FULL'!I152 -> 0.22076716 | J12: ='DATA FULL'!I172 -> 5.4994426 | K12: ='DATA FULL'!I192 -> 3484.1601
A13: 2016 | B13: ='DATA FULL'!I13 -> 0.20789397 | C13: ='DATA FULL'!I33 -> 610.83725 | D13: ='DATA FULL'!I53 -> 2002.9154 | E13: ='DATA FULL'!I73 -> 1230.9874 | F13: ='DATA FULL'!I93 -> 0.62432305 | G13: ='DATA FULL'!I113 -> 185.84899 | H13: ='DATA FULL'!I133 -> 7.1476593 | I13: ='DATA FULL'!I153 -> 0.20792399 | J13: ='DATA FULL'!I173 -> 5.312138 | K13: ='DATA FULL'!I193 -> 3301.2377
... A21: 2024 | B21: ='DATA FULL'!I21 -> 0.21144634 | C21: ='DATA FULL'!I41 -> 636.17184 | D21: ='DATA FULL'!I61 -> 2315.2223 | E21: ='DATA FULL'!I81 -> 2746.0288 | F21: ='DATA FULL'!I101 -> 0.70113577 | G21: ='DATA FULL'!I121 -> 213.80159 | H21: ='DATA FULL'!I141 -> 8.9808866 | I21: ='DATA FULL'!I161 -> 0.2113445 | J21: ='DATA FULL'!I181 -> 5.6916792 | K21: ='DATA FULL'!I201 -> 3606.0183

Sheet DATA FULL (Log)
A1: Country | B1: Year | C1: Total trade with China (current US$) IMF | D1: Distance (km) | E1: Total GDP (current US$) WB | F1: CHINA's Total GDP (current US$) WB | G1: Consumer price index (2010 = 100) IMF | H1: CHINA's Consumer price index (2010 = 100) IMF/Unstats | I1: Local currency IMF (vs RMB) | J1: Simple average duty (%) WTO | K1: Conflict with China (Frequency)
A2: Brunei Darussalam | B2: 2005 | C2: =LN('DATA FULL'!C2) -> 19.477286 | D2: =LN('DATA FULL'!D2) -> 8.2687318 | E2: =LN('DATA FULL'!E2) -> 23.079127 | F2: =LN('DATA FULL'!F2) -> 28.457808 | G2: =LN('DATA FULL'!G2) -> 4.560938 | H2: =LN('DATA FULL'!H2) -> 4.4602521 | I2: =LN('DATA FULL'!I2) -> -1.5939776 | J2: 3.3 | K2: 0
A3: Brunei Darussalam | B3: 2006 | C3: =LN('DATA FULL'!C3) -> 19.546438 | D3: =LN('DATA FULL'!D3) -> 8.2687318 | E3: =LN('DATA FULL'!E3) -> 23.260497 | F3: =LN('DATA FULL'!F3) -> 28.643392 | G3: =LN('DATA FULL'!G3) -> 4.5624691 | H3: =LN('DATA FULL'!H3) -> 4.4766119 | I3: =LN('DATA FULL'!I3) -> -1.6130529 | J3: 3.3 | K3: 0
A4: Brunei Darussalam | B4: 2007 | C4: =LN('DATA FULL'!C4) -> 19.701209 | D4: =LN('DATA FULL'!D4) -> 8.2687318 | E4: =LN('DATA FULL'!E4) -> 23.320908 | F4: =LN('DATA FULL'!F4) -> 28.898061 | G4: =LN('DATA FULL'!G4) -> 4.5720839 | H4: =LN('DATA FULL'!H4) -> 4.5236555 | I4: =LN('DATA FULL'!I4) -> -1.6189505 | J4: 3.6 | K4: 0
A5: Brunei Darussalam | B5: 2008 | C5: =LN('DATA FULL'!C5) -> 19.198503 | D5: =LN('DATA FULL'!D5) -> 8.2687318 | E5: =LN('DATA FULL'!E5) -> 23.491247 | F5: =LN('DATA FULL'!F5) -> 29.155846 | G5: =LN('DATA FULL'!G5) -> 4.5927284 | H5: =LN('DATA FULL'!H5) -> 4.581219 | I5: =LN('DATA FULL'!I5) -> -1.5898885 | J5: 2.5 | K5: 0
A6: Brunei Darussalam | B6: 2009 | C6: =LN('DATA FULL'!C6) -> 19.878789 | D6: =LN('DATA FULL'!D6) -> 8.2687318 | E6: =LN('DATA FULL'!E6) -> 23.200888 | F6: =LN('DATA FULL'!F6) -> 29.260593 | G6: =LN('DATA FULL'!G6) -> 4.6030168 | H6: =LN('DATA FULL'!H6) -> 4.5739106 | I6: =LN('DATA FULL'!I6) -> -1.5468222 | J6: 2.5 | K6: 0
A7: Brunei Darussalam | B7: 2010 | C7: =LN('DATA FULL'!C7) -> 20.480421 | D7: =LN('DATA FULL'!D7) -> 8.2687318 | E7: =LN('DATA FULL'!E7) -> 23.341181 | F7: =LN('DATA FULL'!F7) -> 29.437208 | G7: =LN('DATA FULL'!G7) -> 4.6052862 | H7: =LN('DATA FULL'!H7) -> 4.6051702 | I7: =LN('DATA FULL'!I7) -> -1.602479 | J7: 2.5 | K7: 0
A8: Brunei Darussalam | B8: 2011 | C8: =LN('DATA FULL'!C8) -> 20.570835 | D8: =LN('DATA FULL'!D8) -> 8.2687318 | E8: =LN('DATA FULL'!E8) -> 23.642376 | F8: =LN('DATA FULL'!F8) -> 29.652773 | G8: =LN('DATA FULL'!G8) -> 4.6066641 | H8: =LN('DATA FULL'!H8) -> 4.6577626 | I8: =LN('DATA FULL'!I8) -> -1.6364015 | J8: 2.5 | K8: 0
A9: Brunei Darussalam | B9: 2012 | C9: =LN('DATA FULL'!C9) -> 20.442235 | D9: =LN('DATA FULL'!D9) -> 8.2687318 | E9: =LN('DATA FULL'!E9) -> 23.670251 | F9: =LN('DATA FULL'!F9) -> 29.774867 | G9: =LN('DATA FULL'!G9) -> 4.6077808 | H9: =LN('DATA FULL'!H9) -> 4.6839814 | I9: =LN('DATA FULL'!I9) -> -1.6197082 | J9: 2.5 | K9: 0
A10: Brunei Darussalam | B10: 2013 | C10: =LN('DATA FULL'!C10) -> 20.151165 | D10: =LN('DATA FULL'!D10) -> 8.2687318 | E10: =LN('DATA FULL'!E10) -> 23.618854 | F10: =LN('DATA FULL'!F10) -> 29.889704 | G10: =LN('DATA FULL'!G10) -> 4.6116064 | H10: =LN('DATA FULL'!H10) -> 4.7095302 | I10: =LN('DATA FULL'!I10) -> -1.5997893 | J10: 2.5 | K10: 0
A11: Brunei Darussalam | B11: 2014 | C11: =LN('DATA FULL'!C11) -> 19.924745 | D11: =LN('DATA FULL'!D11) -> 8.2687318 | E11: =LN('DATA FULL'!E11) -> 23.562215 | F11: =LN('DATA FULL'!F11) -> 29.980072 | G11: =LN('DATA FULL'!G11) -> 4.6095924 | H11: =LN('DATA FULL'!H11) -> 4.7291562 | I11: =LN('DATA FULL'!I11) -> -1.5787003 | J11: 1.2 | K11: 0
A12: Brunei Darussalam | B12: 2015 | C12: =LN('DATA FULL'!C12) -> 19.97225 | D12: =LN('DATA FULL'!D12) -> 8.2687318 | E12: =LN('DATA FULL'!E12) -> 23.282839 | F12: =LN('DATA FULL'!F12) -> 30.034498 | G12: =LN('DATA FULL'!G12) -> 4.6049504 | H12: =LN('DATA FULL'!H12) -> 4.7440622 | I12: =LN('DATA FULL'!I12) -> -1.5105843 | J12: 1.2 | K12: 0
A13: Brunei Darussalam | B13: 2016 | C13: =LN('DATA FULL'!C13) -> 20.16795 | D13: =LN('DATA FULL'!D13) -> 8.2687318 | E13: =LN('DATA FULL'!E13) -> 23.156903 | F13: =LN('DATA FULL'!F13) -> 30.049905 | G13: =LN('DATA FULL'!G13) -> 4.6021596 | H13: =LN('DATA FULL'!H13) -> 4.6249728 | I13: =LN('DATA FULL'!I13) -> -1.5707271 | J13: 1.2 | K13: 0
... A201: Vietnam | B201: 2024 | C201: =LN('DATA FULL'!C201) -> 26.288624 | D201: =LN('DATA FULL'!D201) -> 7.7525156 | E201: =LN('DATA FULL'!E201) -> 26.889499 | F201: =LN('DATA FULL'!F201) -> 30.561884 | G201: =LN('DATA FULL'!G201) -> 5.2454579 | H201: =LN('DATA FULL'!H201) -> 4.8866581 | I201: =LN('DATA FULL'!I201) -> 8.1903595 | J201: 9.7166667 | K201: 0
A203: Mean | C203: =AVERAGE(C2:C201) -> 23.464549 | D203: =AVERAGE(D2:D201) -> 8.1461477 | E203: =AVERAGE(E2:E201) -> 25.418227 | F203: =AVERAGE(F2:F201) -> 29.818778 | G203: =AVERAGE(G2:G201) -> 4.7419976 | H203: =AVERAGE(H2:H201) -> 4.6657482 | I203: =AVERAGE(I2:I201) -> 3.2239497 | J203: =AVERAGE(J2:J201) -> 7.0463976 | K203: =AVERAGE(K2:K201) -> 0.18
A204: Std. Dev. | C204: =_xlfn.STDEV.S(C2:C201) -> 1.9008882 | D204: =_xlfn.STDEV.S(D2:D201) -> 0.23990596 | E204: =_xlfn.STDEV.S(E2:E201) -> 1.5395128 | F204: =_xlfn.STDEV.S(F2:F201) -> 0.63199447 | G204: =_xlfn.STDEV.S(G2:G201) -> 0.24478058 | H204: =_xlfn.STDEV.S(H2:H201) -> 0.11009756 | I204: =_xlfn.STDEV.S(I2:I201) -> 3.7405559 | J204: =_xlfn.STDEV.S(J2:J201) -> 3.925713 | K204: =_xlfn.STDEV.S(K2:K201) -> 0.49884288
A205: Median | C205: =MEDIAN(C2:C201) -> 23.891885 | D205: =MEDIAN(D2:D201) -> 8.1087124 | E205: =MEDIAN(E2:E201) -> 25.990524 | F205: =MEDIAN(F2:F201) -> 30.007285 | G205: =MEDIAN(G2:G201) -> 4.7242649 | H205: =MEDIAN(H2:H201) -> 4.6727659 | I205: =MEDIAN(I2:I201) -> 1.9990139 | J205: =MEDIAN(J2:J201) -> 6.9 | K205: =MEDIAN(K2:K201) -> 0
A206: Min | C206: =MIN(C2:C201) -> 18.726357 | D206: =MIN(D2:D201) -> 7.7525156 | E206: =MIN(E2:E201) -> 21.729602 | F206: =MIN(F2:F201) -> 28.457808 | G206: =MIN(G2:G201) -> 3.7961878 | H206: =MIN(H2:H201) -> 4.4602521 | I206: =MIN(I2:I201) -> -1.6365105 | J206: =MIN(J2:J201) -> 0 | K206: =MIN(K2:K201) -> 0
A207: Max | C207: =MAX(C2:C201) -> 26.288624 | D207: =MAX(D2:D201) -> 8.5600611 | E207: =MAX(E2:E201) -> 27.964847 | F207: =MAX(F2:F201) -> 30.561884 | G207: =MAX(G2:G201) -> 5.684838 | H207: =MAX(H2:H201) -> 4.8866581 | I207: =MAX(I2:I201) -> 8.1903595 | J207: =MAX(J2:J201) -> 16.8 | K207: =MAX(K2:K201) -> 3
A209: note: logged ones are bolded

Sheet GDP
A1: Country | B1: Year | C1: Total GDP
A2: ='DATA FULL'!A2 -> Brunei Darussalam | B2: ='DATA FULL'!B2 -> 2005 | C2: ='DATA FULL'!E2 -> 1.0547203e+10
A3: ='DATA FULL'!A3 -> Brunei Darussalam | B3: ='DATA FULL'!B3 -> 2006 | C3: ='DATA FULL'!E3 -> 1.2644616e+10
A4: ='DATA FULL'!A4 -> Brunei Darussalam | B4: ='DATA FULL'!B4 -> 2007 | C4: ='DATA FULL'!E4 -> 1.3432029e+10
A5: ='DATA FULL'!A5 -> Brunei Darussalam | B5: ='DATA FULL'!B5 -> 2008 | C5: ='DATA FULL'!E5 -> 1.5926456e+10
A6: ='DATA FULL'!A6 -> Brunei Darussalam | B6: ='DATA FULL'!B6 -> 2009 | C6: ='DATA FULL'!E6 -> 1.1912905e+10
A7: ='DATA FULL'!A7 -> Brunei Darussalam | B7: ='DATA FULL'!B7 -> 2010 | C7: ='DATA FULL'!E7 -> 1.3707121e+10
A8: ='DATA FULL'!A8 -> Brunei Darussalam | B8: ='DATA FULL'!B8 -> 2011 | C8: ='DATA FULL'!E8 -> 1.8524791e+10
A9: ='DATA FULL'!A9 -> Brunei Darussalam | B9: ='DATA FULL'!B9 -> 2012 | C9: ='DATA FULL'!E9 -> 1.9048443e+10
A10: ='DATA FULL'!A10 -> Brunei Darussalam | B10: ='DATA FULL'!B10 -> 2013 | C10: ='DATA FULL'!E10 -> 1.8094148e+10
A11: ='DATA FULL'!A11 -> Brunei Darussalam | B11: ='DATA FULL'!B11 -> 2014 | C11: ='DATA FULL'!E11 -> 1.7097797e+10
A12: ='DATA FULL'!A12 -> Brunei Darussalam | B12: ='DATA FULL'!B12 -> 2015 | C12: ='DATA FULL'!E12 -> 1.2930297e+10
A13: ='DATA FULL'!A13 -> Brunei Darussalam | B13: ='DATA FULL'!B13 -> 2016 | C13: ='DATA FULL'!E13 -> 1.1400266e+10
... A201: ='DATA FULL'!A201 -> Vietnam | B201: ='DATA FULL'!B201 -> 2024 | C201: ='DATA FULL'!E201 -> 4.7638823e+11
A202: China | B202: 2005 | C202: ='DATA FULL'!F2 -> 2.2859611e+12
A203: China | B203: 2006 | C203: ='DATA FULL'!F3 -> 2.7521187e+12
A204: China | B204: 2007 | C204: ='DATA FULL'!F4 -> 3.5503278e+12
A205: China | B205: 2008 | C205: ='DATA FULL'!F5 -> 4.5943368e+12
A206: China | B206: 2009 | C206: ='DATA FULL'!F6 -> 5.1016911e+12
A207: China | B207: 2010 | C207: ='DATA FULL'!F7 -> 6.0871917e+12
A208: China | B208: 2011 | C208: ='DATA FULL'!F8 -> 7.5515457e+12
A209: China | B209: 2012 | C209: ='DATA FULL'!F9 -> 8.5321854e+12
A210: China | B210: 2013 | C210: ='DATA FULL'!F10 -> 9.5704711e+12
A211: China | B211: 2014 | C211: ='DATA FULL'!F11 -> 1.0475625e+13
A212: China | B212: 2015 | C212: ='DATA FULL'!F12 -> 1.1061573e+13
A213: China | B213: 2016 | C213: ='DATA FULL'!F13 -> 1.1233314e+13
... A221: China | B221: 2024 | C221: ='DATA FULL'!F21 -> 1.8743803e+13

Sheet Conflict Table
A1: All levels of conflicts
A2: Country | B2: 2005 | C2: 2006 | D2: 2007 | E2: 2008 | F2: 2009 | G2: 2010 | H2: 2011 | I2: 2012 | J2: 2013 | K2: 2014 | L2: 2015 | M2: 2016 | N2: 2017 | O2: 2018 | P2: 2019 | Q2: 2020 | R2: 2021 | S2: 2022
A3: Brunei | B3: 0 | C3: 0 | D3: 1 | E3: 1 | F3: 2 | G3: 1 | H3: 1 | I3: 2 | J3: 0 | K3: 0 | L3: 0 | M3: 0 | N3: 0 | O3: 0 | P3: 0 | Q3: 0 | R3: 0 | S3: 0
A4: Cambodia | B4: 0 | C4: 0 | D4: 0 | E4: 0 | F4: 0 | G4: 0 | H4: 0 | I4: 0 | J4: 0 | K4: 0 | L4: 0 | M4: 0 | N4: 0 | O4: 0 | P4: 0 | Q4: 0 | R4: 0 | S4: 0
A5: Indonesia | B5: 0 | C5: 0 | D5: 1 | E5: 1 | F5: 2 | G5: 2 | H5: 1 | I5: 1 | J5: 1 | K5: 0 | L5: 0 | M5: 0 | N5: 0 | O5: 0 | P5: 0 | Q5: 0 | R5: 0 | S5: 0
A6: Lao PDR | B6: 0 | C6: 0 | D6: 0 | E6: 0 | F6: 0 | G6: 0 | H6: 0 | I6: 0 | J6: 0 | K6: 0 | L6: 0 | M6: 0 | N6: 0 | O6: 0 | P6: 0 | Q6: 0 | R6: 0 | S6: 0
A7: Malaysia | B7: 0 | C7: 0 | D7: 1 | E7: 1 | F7: 3 | G7: 1 | H7: 2 | I7: 3 | J7: 1 | K7: 2 | L7: 1 | M7: 0 | N7: 0 | O7: 0 | P7: 0 | Q7: 0 | R7: 0 | S7: 0
A8: Myanmar | B8: 0 | C8: 0 | D8: 0 | E8: 0 | F8: 0 | G8: 0 | H8: 0 | I8: 0 | J8: 0 | K8: 0 | L8: 0 | M8: 0 | N8: 0 | O8: 0 | P8: 0 | Q8: 0 | R8: 0 | S8: 0
A9: Philippines | B9: 0 | C9: 0 | D9: 1 | E9: 1 | F9: 3 | G9: 1 | H9: 3 | I9: 4 | J9: 1 | K9: 5 | L9: 1 | M9: 1 | N9: 0 | O9: 0 | P9: 1 | Q9: 3 | R9: 1 | S9: 1
A10: Singapore | B10: 0 | C10: 0 | D10: 0 | E10: 0 | F10: 0 | G10: 0 | H10: 0 | I10: 0 | J10: 0 | K10: 0 | L10: 0 | M10: 0 | N10: 0 | O10: 0 | P10: 0 | Q10: 0 | R10: 0 | S10: 0
A11: Thailand | B11: 0 | C11: 0 | D11: 0 | E11: 0 | F11: 0 | G11: 0 | H11: 0 | I11: 0 | J11: 0 | K11: 0 | L11: 0 | M11: 0 | N11: 0 | O11: 0 | P11: 0 | Q11: 0 | R11: 0 | S11: 0
A12: Vietnam | B12: 2 | C12: 2 | D12: 4 | E12: 3 | F12: 4 | G12: 2 | H12: 3 | I12: 4 | J12: 0 | K12: 3 | L12: 2 | M12: 1 | N12: 0 | O12: 1 | P12: 1 | Q12: 3 | R12: 0 | S12: 0
A15: Coercive & Force ONLY
A16: Country | B16: 2005 | C16: 2006 | D16: 2007 | E16: 2008 | F16: 2009 | G16: 2010 | H16: 2011 | I16: 2012 | J16: 2013 | K16: 2014 | L16: 2015 | M16: 2016 | N16: 2017 | O16: 2018 | P16: 2019 | Q16: 2020 | R16: 2021 | S16: 2022 | T16: 2023 | U16: 2024
A17: Brunei | B17: 0 | C17: 0 | D17: 0 | E17: 0 | F17: 0 | G17: 0 | H17: 0 | I17: 0 | J17: 0 | K17: 0 | L17: 0 | M17: 0 | N17: 0 | O17: 0 | P17: 0 | Q17: 0 | R17: 0 | S17: 0 | T17: 0 | U17: 0
A18: Cambodia | B18: 0 | C18: 0 | D18: 0 | E18: 0 | F18: 0 | G18: 0 | H18: 0 | I18: 0 | J18: 0 | K18: 0 | L18: 0 | M18: 0 | N18: 0 | O18: 0 | P18: 0 | Q18: 0 | R18: 0 | S18: 0 | T18: 0 | U18: 0
A19: Indonesia | B19: 0 | C19: 0 | D19: 0 | E19: 0 | F19: 0 | G19: 1 | H19: 0 | I19: 0 | J19: 0 | K19: 0 | L19: 0 | M19: 0 | N19: 0 | O19: 0 | P19: 0 | Q19: 0 | R19: 0 | S19: 0 | T19: 0 | U19: 0
A20: Lao PDR | B20: 0 | C20: 0 | D20: 0 | E20: 0 | F20: 0 | G20: 0 | H20: 0 | I20: 0 | J20: 0 | K20: 0 | L20: 0 | M20: 0 | N20: 0 | O20: 0 | P20: 0 | Q20: 0 | R20: 0 | S20: 0 | T20: 0 | U20: 0
A21: Malaysia | B21: 0 | C21: 0 | D21: 0 | E21: 0 | F21: 0 | G21: 0 | H21: 0 | I21: 0 | J21: 1 | K21: 0 | L21: 0 | M21: 0 | N21: 0 | O21: 0 | P21: 0 | Q21: 0 | R21: 0 | S21: 0 | T21: 0 | U21: 0
A22: Myanmar | B22: 0 | C22: 0 | D22: 0 | E22: 0 | F22: 0 | G22: 0 | H22: 0 | I22: 0 | J22: 0 | K22: 0 | L22: 0 | M22: 0 | N22: 0 | O22: 0 | P22: 0 | Q22: 0 | R22: 0 | S22: 0 | T22: 0 | U22: 0
A23: Philippines | B23: 0 | C23: 0 | D23: 0 | E23: 0 | F23: 0 | G23: 0 | H23: 1 | I23: 2 | J23: 0 | K23: 2 | M23: 0 | N23: 0 | O23: 0 | P23: 1 | Q23: 1 | R23: 1 | S23: 1 | T23: 0 | U23: 1
A24: Singapore | B24: 0 | C24: 0 | D24: 0 | E24: 0 | F24: 0 | G24: 0 | H24: 0 | I24: 0 | J24: 0 | K24: 0 | L24: 0 | M24: 0 | N24: 0 | O24: 0 | P24: 0 | Q24: 0 | R24: 0 | S24: 0 | T24: 0 | U24: 0
A25: Thailand | B25: 0 | C25: 0 | D25: 0 | E25: 0 | F25: 0 | G25: 0 | H25: 0 | I25: 0 | J25: 0 | K25: 0 | L25: 0 | M25: 0 | N25: 0 | O25: 0 | P25: 0 | Q25: 0 | R25: 0 | S25: 0 | T25: 0 | U25: 0
A26: Vietnam | B26: 1 | C26: 0 | D26: 3 | E26: 2 | F26: 1 | G26: 0 | H26: 1 | I26: 1 | J26: 0 | K26: 1 | L26: 1 | M26: 0 | N26: 0 | O26: 0 | P26: 1 | Q26: 1 | R26: 0 | S26: 0 | T26: 0 | U26: 0

Sheet Conflict Graphs
A2: Country | B2: Brunei Darussalam | C2: Brunei Darussalam | D2: Brunei Darussalam | E2: Brunei Darussalam | F2: Brunei Darussalam | G2: Brunei Darussalam | H2: Brunei Darussalam | I2: Brunei Darussalam | J2: Brunei Darussalam | K2: Brunei Darussalam | L2: Brunei Darussalam | M2: Brunei Darussalam | N2: Brunei Darussalam | O2: Brunei Darussalam | P2: Brunei Darussalam | Q2: Brunei Darussalam | R2: Brunei Darussalam | S2: Brunei Darussalam | T2: Brunei Darussalam | U2: Brunei Darussalam | V2: Indonesia | W2: Indonesia | X2: Indonesia | Y2: Indonesia | Z2: Indonesia | AA2: Indonesia | AB2: Indonesia | AC2: Indonesia | AD2: Indonesia | AE2: Indonesia | AF2: Indonesia | AG2: Indonesia | AH2: Indonesia | AI2: Indonesia | AJ2: Indonesia | AK2: Indonesia | AL2: Indonesia | AM2: Indonesia | AN2: Indonesia | AO2: Indonesia | AP2: Malaysia | AQ2: Malaysia | AR2: Malaysia | AS2: Malaysia | AT2: Malaysia | AU2: Malaysia | AV2: Malaysia | AW2: Malaysia | AX2: Malaysia | AY2: Malaysia | AZ2: Malaysia | BA2: Malaysia | BB2: Malaysia | BC2: Malaysia | BD2: Malaysia | BE2: Malaysia | BF2: Malaysia | BG2: Malaysia | BH2: Malaysia | BI2: Malaysia | BJ2: Philippines | BK2: Philippines | BL2: Philippines | BM2: Philippines | BN2: Philippines | BO2: Philippines | BP2: Philippines | BQ2: Philippines | BR2: Philippines | BS2: Philippines | BT2: Philippines | BU2: Philippines | BV2: Philippines | BW2: Philippines | BX2: Philippines | BY2: Philippines | BZ2: Philippines | CA2: Philippines | CB2: Philippines | CC2: Philippines | CD2: Vietnam | CE2: Vietnam | CF2: Vietnam | CG2: Vietnam | CH2: Vietnam | CI2: Vietnam | CJ2: Vietnam | CK2: Vietnam | CL2: Vietnam | CM2: Vietnam | CN2: Vietnam | CO2: Vietnam | CP2: Vietnam | CQ2: Vietnam | CR2: Vietnam | CS2: Vietnam | CT2: Vietnam | CU2: Vietnam | CV2: Vietnam | CW2: Vietnam
A3: Year | B3: 2005 | C3: 2006 | D3: 2007 | E3: 2008 | F3: 2009 | G3: 2010 | H3: 2011 | I3: 2012 | J3: 2013 | K3: 2014 | L3: 2015 | M3: 2016 | N3: 2017 | O3: 2018 | P3: 2019 | Q3: 2020 | R3: 2021 | S3: 2022 | T3: 2023 | U3: 2024 | V3: 2005 | W3: 2006 | X3: 2007 | Y3: 2008 | Z3: 2009 | AA3: 2010 | AB3: 2011 | AC3: 2012 | AD3: 2013 | AE3: 2014 | AF3: 2015 | AG3: 2016 | AH3: 2017 | AI3: 2018 | AJ3: 2019 | AK3: 2020 | AL3: 2021 | AM3: 2022 | AN3: 2023 | AO3: 2024 | AP3: 2005 | AQ3: 2006 | AR3: 2007 | AS3: 2008 | AT3: 2009 | AU3: 2010 | AV3: 2011 | AW3: 2012 | AX3: 2013 | AY3: 2014 | AZ3: 2015 | BA3: 2016 | BB3: 2017 | BC3: 2018 | BD3: 2019 | BE3: 2020 | BF3: 2021 | BG3: 2022 | BH3: 2023 | BI3: 2024 | BJ3: 2005 | BK3: 2006 | BL3: 2007 | BM3: 2008 | BN3: 2009 | BO3: 2010 | BP3: 2011 | BQ3: 2012 | BR3: 2013 | BS3: 2014 | BT3: 2015 | BU3: 2016 | BV3: 2017 | BW3: 2018 | BX3: 2019 | BY3: 2020 | BZ3: 2021 | CA3: 2022 | CB3: 2023 | CC3: 2024 | CD3: 2005 | CE3: 2006 | CF3: 2007 | CG3: 2008 | CH3: 2009 | CI3: 2010 | CJ3: 2011 | CK3: 2012 | CL3: 2013 | CM3: 2014 | CN3: 2015 | CO3: 2016 | CP3: 2017 | CQ3: 2018 | CR3: 2019 | CS3: 2020 | CT3: 2021 | CU3: 2022 | CV3: 2023 | CW3: 2024
A4: Declarative | F4: 1 | T4: 1 | Z4: 1 | AN4: 1 | AT4: 2 | AV4: 1 | AW4: 1 | AY4: 1 | BH4: 1 | BN4: 2 | BP4: 1 | BQ4: 1 | BS4: 1 | BU4: 1 | BY4: 1 | CB4: 1 | CE4: 1 | CH4: 2 | CJ4: 1 | CK4: 2 | CM4: 1 | CS4: 1 | CV4: 1
A5: Demonstrative | D5: 1 | E5: 1 | F5: 1 | G5: 1 | H5: 1 | I5: 2 | X5: 1 | Y5: 1 | Z5: 1 | AA5: 1 | AB5: 1 | AC5: 1 | AR5: 1 | AS5: 1 | AT5: 1 | AU5: 1 | AV5: 1 | AW5: 2 | AX5: 1 | AY5: 1 | BL5: 1 | BM5: 1 | BN5: 1 | BO5: 1 | BP5: 1 | BQ5: 1 | BR5: 1 | BS5: 2 | BT5: 1 | BY5: 1 | CD5: 1 | CE5: 1 | CF5: 1 | CG5: 1 | CH5: 1 | CI5: 2 | CJ5: 1 | CK5: 1 | CM5: 1 | CN5: 1 | CO5: 1 | CQ5: 1 | CS5: 1
A6: Coercive | AA6: 1 | AD6: 1 | AZ6: 1 | BP6: 1 | BQ6: 1 | BS6: 2 | BX6: 1 | BZ6: 1 | CA6: 1 | CD6: 1 | CF6: 3 | CG6: 2 | CH6: 1 | CJ6: 1 | CK6: 1 | CM6: 1 | CN6: 1 | CR6: 1
A7: Mil force | BQ7: 1 | BY7: 1 | CC7: 1 | CS7: 1
